{
  "images" : [
    {
      "idiom" : "universal",
      "filename" : "calendar-with-a-clock-time-tools_icon-icons.com_56831-3.png",
      "scale" : "1x"
    },
    {
      "idiom" : "universal",
      "filename" : "calendar-with-a-clock-time-tools_icon-icons.com_56831-2.png",
      "scale" : "2x"
    },
    {
      "idiom" : "universal",
      "filename" : "calendar-with-a-clock-time-tools_icon-icons.com_56831.png",
      "scale" : "3x"
    }
  ],
  "info" : {
    "version" : 1,
    "author" : "xcode"
  }
}